IRDNumber,preferredName
46,Judy
47,Leroy
48,Wiremu
49,Whetu
50,Xi
51,Jenny
52,Sachan
53,Justin
54,Kishwar
55,Pete
56,George
57,Judy
58,Leroy
59,Wiremu
60,Whetu
61,Xi
62,Jenny
63,Sachan
64,Justin
65,Kishwar
66,Pete
67,George
68,Judy
69,Leroy
70,Wiremu
71,Whetu
72,Xi
73,Jenny
74,Sachan
75,Justin
76,Kishwar
77,Pete
78,George
79,Judy
80,Leroy
81,Wiremu
82,Whetu
83,Xi
84,Jenny
85,Sachan
86,Justin
87,Kishwar
88,Pete
45,George
46,Judy
47,Leroy
48,Wiremu
49,Whetu
50,Xi
51,Jenny
52,Sachan
53,Justin
54,Kishwar
55,Pete
56,George
57,Judy
58,Leroy
59,Wiremu
60,Whetu
61,Xi
62,Jenny
63,Sachan
64,Justin
65,Kishwar
66,Pete
67,George
68,Judy
69,Leroy
70,Wiremu
71,Whetu
72,Xi
73,Jenny
74,Sachan
75,Justin
76,Kishwar
77,Pete
78,George
79,Judy
80,Leroy
81,Wiremu
82,Whetu
83,Xi
84,Jenny
85,Sachan
86,Justin
87,Kishwar
88,Pete
